{
    "compute_power": [599.6550389131314, 901.7167693342116, 1093.9375517489448, 650.1729228175802,
8794.676898079153],
    "latency_matrix": [
      [0.0, 999999.0, 0.0005940233568666358, 999999.0, 999999.0],
      [999999.0, 0.0, 0.0009409535881462082, 999999.0, 999999.0],
      [0.0005940233568666358, 0.0009409535881462082, 0.0, 0.00020538585617312286,
0.0049779260058247414],
      [999999.0, 999999.0, 0.00020538585617312286, 0.0, 999999.0],
      [999999.0, 999999.0, 0.0049779260058247414, 999999.0, 0.0]
    ],
    "bandwidth_matrix": [
      [999999.0, 0.0, 12.0, 0.0, 0.0],
      [0.0, 999999.0, 55.0, 0.0, 0.0],
      [12.0, 55.0, 999999.0, 66.0, 583.0],
      [0.0, 0.0, 66.0, 999999.0, 0.0],
      [0.0, 0.0, 583.0, 0.0, 999999.0]
    ],
    "source_to_node_latency": [
      [0.00042957615022340255, 999999.0, 999999.0, 999999.0, 999999.0],
      [999999.0, 999999.0, 999999.0, 0.0003341587737514365, 999999.0]
    ],
    "source_to_node_bandwidth": [
      [46.0, 0.0, 0.0, 0.0, 0.0],
      [0.0, 0.0, 0.0, 89.0, 0.0]
    ],
    "sink_to_node_latency": [
      [0.00044068290321264483, 999999.0, 999999.0, 999999.0, 999999.0]
    ],
    "sink_to_node_bandwidth": [
      [25.0, 0.0, 0.0, 0.0, 0.0]
    ],
    "trigger_types": [
      {
        "type": "Periodic",
        "T": 0.05848671676244063
      },
      {
        "type": "Poisson",
        "lambda": 3.65656719151434
      }
    ],
    "node_types": ["end", "end", "edge", "end", "cloud"]
  }