{
    "adjacency_matrix": [
      [0.0, 0.0, 0.0, 0.0, 0.0, 0.0, 0.0, 0.3394188125287453, 0.0, 0.0],
      [0.0, 0.0, 0.21154466876032135, 0.672087407864387, 0.6111641365708587,
0.2374936490479383, 0.7202324325899446, 0.44541677324185525,
0.14477258128321177, 0.28758224041515407],
      [0.0, 0.0, 0.0, 0.0, 0.4664981826554178, 0.0, 0.0, 0.0, 0.0,
0.47645011454955505],
      [0.0, 0.0, 0.0, 0.0, 0.6568570056680222, 0.0, 0.13875682781334991, 0.0, 0.0,
0.0],
      [0.0, 0.0, 0.0, 0.0, 0.0, 0.8456231583909388, 0.35246478022582095,
0.8207078333928021, 0.0, 0.0],
      [0.0, 0.0, 0.0, 0.0, 0.0, 0.0, 0.9394487947484698, 0.9603812424834823, 0.0, 0.0],
      [0.0, 0.0, 0.0, 0.0, 0.0, 0.0, 0.0, 0.0, 0.7913726842083593, 0.0],
      [0.0, 0.0, 0.0, 0.0, 0.0, 0.0, 0.0, 0.0, 0.6759157278676946,
0.41260390877319414],
      [0.0, 0.0, 0.0, 0.0, 0.0, 0.0, 0.0, 0.0, 0.0, 0.654466190688672],
      [0.0, 0.0, 0.0, 0.0, 0.0, 0.0, 0.0, 0.0, 0.0, 0.0]
    ],
    "task_node_values": [4.030583449149667, 8.676971951482471, 2.122325059491557, 8.507855580117617,
5.561006122756432, 1.17972971959819, 1.322718669938296, 6.986850684001026,
1.2713664938434406, 1.2919307160876545],
    "task_edge_values": [0.3394188125287453, 0.21154466876032135, 0.672087407864387, 0.6111641365708587,
0.2374936490479383, 0.7202324325899446, 0.44541677324185525,
0.14477258128321177, 0.28758224041515407, 0.4664981826554178,
0.47645011454955505, 0.6568570056680222, 0.13875682781334991,
0.8456231583909388, 0.35246478022582095, 0.8207078333928021,
0.9394487947484698, 0.9603812424834823, 0.7913726842083593, 0.6759157278676946,
0.41260390877319414, 0.654466190688672],
    "sources_to_start_tasks": [
      [1.912676601277365, 0.0],
      [3.922501803834935, 0.0],
      [0.0, 0.0],
      [0.0, 0.0],
      [0.0, 0.0],
      [0.0, 0.0],
      [0.0, 0.0],
      [0.0, 0.0],
      [0.0, 0.0],
      [0.0, 0.0]
    ],
    "end_tasks_to_sinks": [
      [0.0],
      [0.0],
      [0.0],
      [0.0],
      [0.0],
      [0.0],
      [0.0],
      [0.0],
      [0.0],
      [0.3457254011302518]
    ],
    "start_tasks": [0, 1],
    "end_tasks": [9],
    "num_sources": 2,
    "num_sinks": 1,
    "key_task_flows": [
      {
        "source": 0,
        "sink": 0,
        "task_in_path": [1, 2, 9]
      },
      {
        "source": 0,
        "sink": 0,
        "task_in_path": [0, 7, 8, 9]
      }
    ]
  }