{
    "compute_power": [3065.8297587517864, 5036.620078057633, 656.19675949458, 995.4400148099453,
470.43669059538803, 708.1770450866837, 839.3614595812039, 259.38122587038345,
892.7393797276319, 2796.3927007250536, 831.0351151544847, 960.5177923203231,
137.5097042709354, 221.34148945404974, 1606.143506092661],
    "latency_matrix": [
      [0.0, 0.005450954576450039, 0.0008821412289773287, 0.0008148826545457548,
0.0009438533919442849, 0.0005819138533063613, 0.0004719700963765097, 999999.0,
0.0008567167536030834, 0.004548873787843823, 0.0006104481252687671,
0.000659833194303164, 0.0007250636140126904, 0.0006640440515537011,
0.0014840218058429504],
      [0.005450954576450039, 0.0, 999999.0, 999999.0, 999999.0, 999999.0, 999999.0,
999999.0, 999999.0, 0.009038155001496583, 999999.0, 999999.0, 999999.0,
999999.0, 0.009487008023701091],
      [0.0008821412289773287, 999999.0, 0.0, 999999.0, 999999.0, 999999.0, 999999.0,
999999.0, 999999.0, 999999.0, 999999.0, 999999.0, 999999.0, 999999.0,
0.000425085931716675],
      [0.0008148826545457548, 999999.0, 999999.0, 0.0, 999999.0, 999999.0, 999999.0,
999999.0, 999999.0, 999999.0, 999999.0, 999999.0, 999999.0, 999999.0, 999999.0],
      [0.0009438533919442849, 999999.0, 999999.0, 999999.0, 0.0, 999999.0, 999999.0,
999999.0, 999999.0, 999999.0, 999999.0, 999999.0, 999999.0, 999999.0,
0.0007739807609380137],
      [0.0005819138533063613, 999999.0, 999999.0, 999999.0, 999999.0, 0.0, 999999.0,
999999.0, 999999.0, 0.0008125695078722263, 999999.0, 999999.0, 999999.0,
999999.0, 0.000654871262429952],
      [0.0004719700963765097, 999999.0, 999999.0, 999999.0, 999999.0, 999999.0, 0.0,
999999.0, 999999.0, 0.00022250043816331237, 999999.0, 999999.0, 999999.0,
999999.0, 0.0006006058901456868],
      [999999.0, 999999.0, 999999.0, 999999.0, 999999.0, 999999.0, 999999.0, 0.0,
999999.0, 999999.0, 999999.0, 999999.0, 999999.0, 999999.0,
0.0003643713005256402],
      [0.0008567167536030834, 999999.0, 999999.0, 999999.0, 999999.0, 999999.0,
999999.0, 999999.0, 0.0, 0.00047391332892640777, 999999.0, 999999.0, 999999.0,
999999.0, 0.00022636381287223744],
      [0.004548873787843823, 0.009038155001496583, 999999.0, 999999.0, 999999.0,
0.0008125695078722263, 0.00022250043816331237, 999999.0,
0.00047391332892640777, 0.0, 0.0005518543297471176, 0.0008230353706356031,
0.0009637139235201675, 0.000550323005052804, 999999.0],
      [0.0006104481252687671, 999999.0, 999999.0, 999999.0, 999999.0, 999999.0,
999999.0, 999999.0, 999999.0, 0.0005518543297471176, 0.0, 999999.0, 999999.0,
999999.0, 999999.0],
      [0.000659833194303164, 999999.0, 999999.0, 999999.0, 999999.0, 999999.0,
999999.0, 999999.0, 999999.0, 0.0008230353706356031, 999999.0, 0.0, 999999.0,
999999.0, 0.00031861252936287885],
      [0.0007250636140126904, 999999.0, 999999.0, 999999.0, 999999.0, 999999.0,
999999.0, 999999.0, 999999.0, 0.0009637139235201675, 999999.0, 999999.0, 0.0,
999999.0, 0.0005830634235054119],
      [0.0006640440515537011, 999999.0, 999999.0, 999999.0, 999999.0, 999999.0,
999999.0, 999999.0, 999999.0, 0.000550323005052804, 999999.0, 999999.0,
999999.0, 0.0, 0.0009505748715821752],
      [0.0014840218058429504, 0.009487008023701091, 0.000425085931716675, 999999.0,
0.0007739807609380137, 0.000654871262429952, 0.0006006058901456868,
0.0003643713005256402, 0.00022636381287223744, 999999.0, 999999.0,
0.00031861252936287885, 0.0005830634235054119, 0.0009505748715821752, 0.0]
    ],
    "bandwidth_matrix": [
      [999999.0, 755.0, 46.0, 86.0, 78.0, 15.0, 20.0, 0.0, 21.0, 373.0, 58.0, 82.0,
53.0, 95.0, 194.0],
      [755.0, 999999.0, 0.0, 0.0, 0.0, 0.0, 0.0, 0.0, 0.0, 628.0, 0.0, 0.0, 0.0, 0.0,
919.0],
      [46.0, 0.0, 999999.0, 0.0, 0.0, 0.0, 0.0, 0.0, 0.0, 0.0, 0.0, 0.0, 0.0, 0.0,
48.0],
      [86.0, 0.0, 0.0, 999999.0, 0.0, 0.0, 0.0, 0.0, 0.0, 0.0, 0.0, 0.0, 0.0, 0.0,
0.0],
      [78.0, 0.0, 0.0, 0.0, 999999.0, 0.0, 0.0, 0.0, 0.0, 0.0, 0.0, 0.0, 0.0, 0.0,
30.0],
      [15.0, 0.0, 0.0, 0.0, 0.0, 999999.0, 0.0, 0.0, 0.0, 68.0, 0.0, 0.0, 0.0, 0.0,
20.0],
      [20.0, 0.0, 0.0, 0.0, 0.0, 0.0, 999999.0, 0.0, 0.0, 88.0, 0.0, 0.0, 0.0, 0.0,
54.0],
      [0.0, 0.0, 0.0, 0.0, 0.0, 0.0, 0.0, 999999.0, 0.0, 0.0, 0.0, 0.0, 0.0, 0.0,
69.0],
      [21.0, 0.0, 0.0, 0.0, 0.0, 0.0, 0.0, 0.0, 999999.0, 42.0, 0.0, 0.0, 0.0, 0.0,
66.0],
      [373.0, 628.0, 0.0, 0.0, 0.0, 68.0, 88.0, 0.0, 42.0, 999999.0, 98.0, 84.0, 43.0,
82.0, 0.0],
      [58.0, 0.0, 0.0, 0.0, 0.0, 0.0, 0.0, 0.0, 0.0, 98.0, 999999.0, 0.0, 0.0, 0.0,
0.0],
      [82.0, 0.0, 0.0, 0.0, 0.0, 0.0, 0.0, 0.0, 0.0, 84.0, 0.0, 999999.0, 0.0, 0.0,
79.0],
      [53.0, 0.0, 0.0, 0.0, 0.0, 0.0, 0.0, 0.0, 0.0, 43.0, 0.0, 0.0, 999999.0, 0.0,
26.0],
      [95.0, 0.0, 0.0, 0.0, 0.0, 0.0, 0.0, 0.0, 0.0, 82.0, 0.0, 0.0, 0.0, 999999.0,
28.0],
      [194.0, 919.0, 48.0, 0.0, 30.0, 20.0, 54.0, 69.0, 66.0, 0.0, 0.0, 79.0, 26.0,
28.0, 999999.0]
    ],
    "source_to_node_latency": [
      [999999.0, 999999.0, 999999.0, 0.00014773942224873733, 999999.0, 999999.0,
999999.0, 999999.0, 999999.0, 999999.0, 999999.0, 999999.0, 999999.0, 999999.0,
999999.0]
    ],
    "source_to_node_bandwidth": [
      [0.0, 0.0, 0.0, 73.0, 0.0, 0.0, 0.0, 0.0, 0.0, 0.0, 0.0, 0.0, 0.0, 0.0, 0.0]
    ],
    "sink_to_node_latency": [
      [999999.0, 999999.0, 999999.0, 999999.0, 999999.0, 999999.0, 999999.0, 999999.0,
0.00019167553944785822, 999999.0, 999999.0, 999999.0, 999999.0, 999999.0,
999999.0]
    ],
    "sink_to_node_bandwidth": [
      [0.0, 0.0, 0.0, 0.0, 0.0, 0.0, 0.0, 0.0, 82.0, 0.0, 0.0, 0.0, 0.0, 0.0, 0.0]
    ],
    "trigger_types": [
      {
        "type": "Normal",
        "mean": 0.6834996271000839,
        "stddev": 0.027690751391741708
      }
    ],
    "node_types": ["edge", "cloud", "end", "end", "end", "end", "end", "end", "end", "edge",
"end", "end", "end", "end", "edge"]
  }